run_id;pv_size_kwp;annual_consumption_kwh;capex_batt_E_eur_per_kwh;ok;solver_status;termination;runtime_sec;annual_delta_eur;total_delta_eur;E_opt_kwh;P_opt_kw;objective_eur;error
1;100;200000;190;True;aborted;maxTimeLimit;124,3384685;631,6858993;8527,759641;50,874162;25,437081;-1138,331139;
2;100;200000;200;True;aborted;maxTimeLimit;125,7924404;511,2740103;6902,199139;42,6577;21,32885;-1629,340861;
3;100;200000;210;True;aborted;maxTimeLimit;124,7023118;383,7603889;5180,76525;34,536205;17,268102;-2071,8378;
4;100;200000;220;True;aborted;maxTimeLimit;124,3195168;254,9812097;3442,246331;26,661262;13,330631;-2423,231309;
5;100;200000;230;True;aborted;maxTimeLimit;124,2011938;140,4994737;1896,742896;19,9652;9,9826;-2695,253104;
6;100;200000;240;True;aborted;maxTimeLimit;124,7476574;-19,13367376;-258,3045958;10,934072;5,467036;-2882,481876;
7;300;200000;190;True;aborted;maxTimeLimit;125,0514136;5085,361981;68652,38675;289,08733;144,54366;13725,79405;
8;300;200000;200;True;aborted;maxTimeLimit;125,005238;4479,520007;60473,5201;251,34744;125,67372;10204,0321;
9;300;200000;210;True;aborted;maxTimeLimit;124,9288594;3822,079112;51598,06801;212,89764;106,44882;6889,563613;
10;300;200000;220;True;aborted;maxTimeLimit;125,0665066;4126,581408;55708,84901;220,59095;110,29547;7178,840011;
11;300;200000;230;True;aborted;maxTimeLimit;125,4394302;3386,209206;45713,82427;179,7715;89,88575;4366,379275;
12;300;200000;240;True;aborted;maxTimeLimit;126,5807156;2990,680101;40374,18137;157,83822;78,919112;2493,008567;
13;500;200000;190;True;aborted;maxTimeLimit;125,2334532;10049,77759;135671,9974;556,9685;278,48425;29847,98244;
14;500;200000;200;True;aborted;maxTimeLimit;125,3519598;8899,306604;120140,6392;485,3094;242,6547;23078,75916;
15;500;200000;210;True;aborted;maxTimeLimit;127,2526942;8020,784268;108280,5876;433,1385;216,56925;17321,50262;
16;500;200000;220;True;aborted;maxTimeLimit;126,3585068;6588,192108;88940,59345;347,93584;173,96792;12394,70865;
17;500;200000;230;True;aborted;maxTimeLimit;135,0160298;30644780,4;413704535,5;0;0;413704535,5;
18;500;200000;240;True;aborted;maxTimeLimit;134,6432783;5022,862783;67808,64757;250,69496;125,34748;7641,857171;
19;700;200000;190;True;aborted;maxTimeLimit;127,7676837;15319,42378;206812,221;842,83668;421,41834;46673,25179;
20;700;200000;200;True;aborted;maxTimeLimit;130,5721671;13415,02027;181102,7736;724,32251;362,16126;36238,27161;
21;700;200000;210;True;aborted;maxTimeLimit;135,8261902;12146,8765;163982,8327;648,8567;324,42835;27722,92568;
22;700;200000;220;True;aborted;maxTimeLimit;130,4690969;10105,71579;136427,1632;528,798;264,399;20091,60315;
23;700;200000;230;True;aborted;maxTimeLimit;133,5708701;7773,992474;104948,8984;398,32586;199,16293;13333,95059;
24;700;200000;240;True;aborted;maxTimeLimit;128,5340251;7350,07513;99226,01425;366,12634;183,06317;11355,69265;
25;900;200000;190;True;ok;optimal;114,1988774;22899,66959;309145,5395;1283,1054;641,55269;65355,51348;
26;900;200000;200;True;aborted;maxTimeLimit;126,493967;17996,5824;242953,8624;973,05316;486,52658;48343,23039;
27;900;200000;210;True;aborted;maxTimeLimit;126,5103202;16185,10598;218498,9307;863,321;431,6605;37201,52072;
28;900;200000;220;True;aborted;maxTimeLimit;127,0842252;13722,97561;185260,1707;720,63081;360,31541;26721,39247;
29;900;200000;230;True;aborted;maxTimeLimit;132,4427691;10710,3859;144590,2097;548,53195;274,26597;18427,86116;
30;900;200000;240;True;aborted;maxTimeLimit;134,2195864;4740,886395;64001,96633;243,29384;121,64692;5611,444729;
31;1100;200000;190;True;ok;optimal;99,807469;28531,51709;385175,4807;1599,5473;799,77365;81261,49368;
32;1100;200000;200;True;aborted;maxTimeLimit;127,8103794;22341,22455;301606,5315;1206,672;603,336;60272,13146;
33;1100;200000;210;True;aborted;maxTimeLimit;125,7109975;20230,01552;273105,2095;1082,2194;541,10972;45839,13547;
34;1100;200000;220;True;aborted;maxTimeLimit;126,3261752;17268,57081;233125,7059;909,2395;454,61975;33093,01593;
35;1100;200000;230;True;aborted;maxTimeLimit;126,5185963;13482,90683;182019,2422;693,72436;346,86218;22462,63945;
36;1100;200000;240;True;aborted;maxTimeLimit;127,3966489;31963138,07;431502363,9;0;0;431502363,9;
37;1300;200000;190;True;ok;optimal;100,9467422;34159,6009;461154,6122;1917,0292;958,51461;96919,06417;
38;1300;200000;200;True;ok;optimal;106,8297049;29520,63684;398528,5973;1608,9293;804,46463;76742,73734;
39;1300;200000;210;True;aborted;maxTimeLimit;132,5605436;24009,39366;324126,8143;1281,365;640,6825;55040,16434;
40;1300;200000;220;True;aborted;maxTimeLimit;132,7997173;20852,02205;281502,2977;1100,5959;550,29797;39371,19965;
41;1300;200000;230;True;aborted;maxTimeLimit;128,4293471;16929,52168;228548,5427;877,56806;438,78403;26707,88891;
42;1300;200000;240;True;aborted;maxTimeLimit;130,4002681;10049,51589;135668,4645;507,80336;253,90168;13795,65814;
43;1500;200000;190;True;ok;optimal;78,8697136;39798,0586;537273,7911;2236,011;1118,0055;112431,7011;
44;1500;200000;200;True;ok;optimal;105,8862358;35024,87232;472835,7763;1919,5947;959,79735;88916,8363;
45;1500;200000;210;True;aborted;maxTimeLimit;126,8214871;27885,43424;376453,3622;1490,387;745,1935;63472,09224;
46;1500;200000;220;True;aborted;maxTimeLimit;128,5642847;24409,28671;329525,3706;1290,1316;645,06582;45696,41858;
47;1500;200000;230;True;aborted;maxTimeLimit;132,0550973;19846,06817;267921,9203;1031,4475;515,72375;30688,99528;
48;1500;200000;240;True;aborted;maxTimeLimit;126,7951211;16909,8185;228282,5498;854,1935;427,09675;23276,10976;
49;1700;200000;190;True;ok;optimal;80,8668586;45372,23474;612525,1689;2550,9338;1275,4669;127847,7469;
50;1700;200000;200;True;ok;optimal;95,6165692;39915,35021;538857,2278;2189,1434;1094,5717;101028,5478;
51;1700;200000;210;True;ok;optimal;96,6648444;35599,25372;480589,9252;1918,4234;959,21168;77721,01121;
52;1700;200000;220;True;aborted;maxTimeLimit;126,5337676;27786,59842;375119,0787;1469,3069;734,65343;51871,56065;
53;1700;200000;230;True;aborted;maxTimeLimit;126,5064371;22563,12413;304602,1758;1174,4281;587,21404;34483,71277;
54;1700;200000;240;True;aborted;maxTimeLimit;131,9988596;34415114,25;464604042,4;0;0;464604042,4;
55;1900;200000;190;True;ok;optimal;81,7290456;50978,75538;688213,1976;2867,8455;1433,9228;143322,5526;
56;1900;200000;200;True;ok;optimal;110,3774411;44798,43503;604778,8729;2458,4048;1229,2024;113097,9129;
57;1900;200000;210;True;ok;optimal;100,0498795;40041,48273;540560,0169;2160,4226;1080,2113;86871,27092;
58;1900;200000;220;True;aborted;maxTimeLimit;128,4547497;31523,48687;425567,0727;1670,923;835,4615;57964,01269;
59;1900;200000;230;True;aborted;maxTimeLimit;126,5462065;25550,71592;344934,665;1333,3592;666,67961;38262,04896;
60;1900;200000;240;True;aborted;maxTimeLimit;130,0292116;15140,94783;204402,7957;771,7815;385,89075;19175,23569;
61;2000;200000;190;True;ok;optimal;91,401669;53780,58373;726037,8804;3026,3623;1513,1811;151029,0434;
62;2000;200000;200;True;ok;optimal;120,5018219;47239,05981;637727,3075;2593,0355;1296,5177;119120,2075;
63;2000;200000;210;True;ok;optimal;124,6965785;42261,90831;570535,7623;2281,4222;1140,7111;91437,10025;
64;2000;200000;220;True;aborted;maxTimeLimit;127,0969916;33242,50919;448773,874;1762,416;881,208;61042,354;
65;2000;200000;230;True;aborted;maxTimeLimit;130,6888073;27042,23644;365070,1919;1412,7844;706,39221;40129,77994;
66;2000;200000;240;True;aborted;maxTimeLimit;128,9536249;24209,06363;326822,359;1235,8161;617,90805;30226,49497;
67;100;300000;190;True;ok;optimal;79,0635087;-148,2687816;-2001,628551;4,8548;2,4274;-2924,040551;
68;100;300000;200;True;ok;optimal;82,0007155;-197,2839303;-2663,333059;1,4805;0,74025;-2959,433059;
69;100;300000;210;True;ok;optimal;45,1764721;-219,7034913;-2965,997132;0;0;-2965,997132;
70;100;300000;220;True;ok;optimal;37,610352;-219,7034913;-2965,997132;0;0;-2965,997132;
71;100;300000;230;True;ok;optimal;41,4033959;-219,7034913;-2965,997132;0;0;-2965,997132;
72;100;300000;240;True;ok;optimal;36,6054314;-219,7034913;-2965,997132;0;0;-2965,997132;
73;300;300000;190;True;aborted;maxTimeLimit;126,8048414;5466,989603;73804,35964;312,26666;156,13333;14473,69424;
74;300;300000;200;True;aborted;maxTimeLimit;126,2516683;4729,951934;63854,35111;263,658;131,829;11122,75111;
75;300;300000;210;True;aborted;maxTimeLimit;128,1098902;31515201,48;425455219,9;0;0;425455219,9;
76;300;300000;220;True;aborted;maxTimeLimit;125,5484009;3824,504241;51630,80726;208,64166;104,32083;5729,64206;
77;300;300000;230;True;aborted;maxTimeLimit;123,9764148;3381,925495;45655,99419;183,70366;91,851831;3404,152385;
78;300;300000;240;True;aborted;maxTimeLimit;124,3283185;-81,11938865;-1095,111747;0;0;-1095,111747;
79;500;300000;190;True;ok;optimal;124,1883579;10433,72624;140855,3043;577,63966;288,81983;31103,76885;
80;500;300000;200;True;aborted;maxTimeLimit;127,6581214;7814,709415;105498,5771;426,13554;213,06777;20271,4691;
81;500;300000;210;True;aborted;maxTimeLimit;134,2054957;6649,203001;89764,24051;356,923;178,4615;14810,41051;
82;500;300000;220;True;aborted;maxTimeLimit;131,1372501;5864,403682;79169,44971;311,0155;155,50775;10746,03971;
83;500;300000;230;True;aborted;maxTimeLimit;128,6387112;34609230,65;467224613,7;0;0;467224613,7;
84;500;300000;240;True;aborted;maxTimeLimit;133,5712812;34662437,35;467942904,3;0;0;467942904,3;
85;700;300000;190;True;aborted;maxTimeLimit;126,6003943;13959,0715;188447,4652;765,7365;382,86825;42957,53022;
86;700;300000;200;True;aborted;maxTimeLimit;134,0301599;12385,63373;167206,0554;668,10198;334,05099;33585,65938;
87;700;300000;210;True;aborted;maxTimeLimit;131,7957248;10976,47119;148182,3611;583,53729;291,76864;25639,53021;
88;700;300000;220;True;aborted;maxTimeLimit;126,3679807;9029,643882;121900,1924;468,58085;234,29042;18812,4054;
89;700;300000;230;True;aborted;maxTimeLimit;126,9360534;9067,252742;122407,912;456,8228;228,4114;17338,66802;
90;700;300000;240;True;aborted;maxTimeLimit;133,709545;7243,976308;97793,68015;355,42279;177,7114;12492,21055;
91;900;300000;190;True;aborted;maxTimeLimit;130,4639041;19149,84084;258522,8513;1048,6403;524,32013;59281,19434;
92;900;300000;200;True;aborted;maxTimeLimit;127,4183922;16851,53449;227495,7156;905,8965;452,94825;46316,4156;
93;900;300000;210;True;aborted;maxTimeLimit;132,6123638;15340,8074;207100,8999;815,67998;407,83999;35808,10409;
94;900;300000;220;True;aborted;maxTimeLimit;128,4346091;12673,64063;171094,1485;658,17872;329,08936;26294,8301;
95;900;300000;230;True;aborted;maxTimeLimit;126,9329475;12188,77124;164548,4117;616,308;308,154;22797,57175;
96;900;300000;240;True;aborted;maxTimeLimit;130,0711977;34422182,66;464699465,9;0;0;464699465,9;
97;1100;300000;190;True;ok;optimal;103,466901;27450,229;370578,0915;1528,4966;764,24828;80163,73748;
98;1100;300000;200;True;aborted;maxTimeLimit;127,0845737;21333,78656;288006,1186;1142,5007;571,25033;59505,97861;
99;1100;300000;210;True;aborted;maxTimeLimit;127,3053947;19431,39548;262323,8389;1030,1317;515,06585;45996,18194;
100;1100;300000;220;True;aborted;maxTimeLimit;130,4394966;16131,07203;217769,4724;835,61;417,805;33935,2724;
101;1100;300000;230;True;aborted;maxTimeLimit;128,8795037;12384,08254;167185,1142;625,94063;312,97032;23218,76934;
102;1100;300000;240;True;aborted;maxTimeLimit;129,0438293;7647,360067;103239,3609;377,26064;188,63032;12696,80731;
103;1300;300000;190;True;ok;optimal;104,7959162;33043,77805;446091,0037;1841,4945;920,74723;96207,04871;
104;1300;300000;200;True;ok;optimal;97,7807598;28635,24839;386575,8533;1548,2086;774,10432;76934,13329;
105;1300;300000;210;True;aborted;maxTimeLimit;129,8210149;23366,21042;315443,8407;1238,5049;619,25245;55357,8117;
106;1300;300000;220;True;aborted;maxTimeLimit;129,4941953;19811,07577;267449,5229;1031,6164;515,80819;40493,91491;
107;1300;300000;230;True;aborted;maxTimeLimit;131,2879122;15422,19718;208199,6619;781,66841;390,8342;28415,92763;
108;1300;300000;240;True;aborted;maxTimeLimit;134,2032154;32475450,38;438418580,2;0;0;438418580,2;
109;1500;300000;190;True;ok;optimal;95,6915268;38735,04024;522923,0432;2162,3691;1081,1845;112072,9142;
110;1500;300000;200;True;aborted;maxTimeLimit;127,2084703;30196,96584;407659,0389;1620,2923;810,14613;83600,5789;
111;1500;300000;210;True;aborted;maxTimeLimit;130,9147403;27552,14465;371953,9528;1463,0533;731,52667;64712,75983;
112;1500;300000;220;True;aborted;maxTimeLimit;125,4078793;23407,80062;316005,3084;1222,5474;611,2737;47044,88038;
113;1500;300000;230;True;aborted;maxTimeLimit;125,2906191;18552,83056;250463,2125;946,18646;473,09323;32840,3267;
114;1500;300000;240;True;aborted;maxTimeLimit;136,2332267;32095560,8;433290070,9;0;0;433290070,9;
115;1700;300000;190;True;ok;optimal;104,9750313;44334,63967;598517,6355;2477,1319;1238,5659;127862,5745;
116;1700;300000;200;True;aborted;maxTimeLimit;131,1380046;34740,11326;468991,529;1867,984;933,992;95394,729;
117;1700;300000;210;True;aborted;maxTimeLimit;136,8463981;35074,71758;473508,6874;1877,3005;938,65025;79275,58238;
118;1700;300000;220;True;aborted;maxTimeLimit;135,9488576;30281,43426;408799,3625;1586,4174;793,20868;59787,53446;
119;1700;300000;230;True;aborted;maxTimeLimit;136,914256;21597,51563;291566,461;1107,5274;553,7637;36835,15902;
120;1700;300000;240;True;aborted;maxTimeLimit;147,7926696;12664,51892;170971,0054;632,45397;316,22698;19182,05265;
121;1900;300000;190;True;aborted;maxTimeLimit;135,2000712;49872,95621;673284,9088;2788,3756;1394,1878;143493,5448;
122;1900;300000;200;True;aborted;maxTimeLimit;136,0769998;39032,08447;526933,1403;2099,888;1049,944;106955,5403;
123;1900;300000;210;True;aborted;maxTimeLimit;139,5072149;35522,64753;479555,7417;1890,4555;945,22775;82560,0867;
124;1900;300000;220;True;aborted;maxTimeLimit;138,5167891;34433,17807;464847,904;1809,9846;904,99232;66651,292;
125;1900;300000;230;True;aborted;maxTimeLimit;145,3304019;24268,96996;327631,0944;1246,7157;623,35787;40886,4834;
126;1900;300000;240;True;aborted;maxTimeLimit;142,4069474;32226942,55;435063724,4;0;0;435063724,4;
127;2000;300000;190;True;aborted;maxTimeLimit;134,951151;52785,11483;712599,0502;2954,7819;1477,391;151190,4892;
128;2000;300000;200;True;aborted;maxTimeLimit;136,4457373;41247,00746;556834,6008;2219,8226;1109,9113;112870,0808;
129;2000;300000;210;True;aborted;maxTimeLimit;137,6116653;41602,40401;561632,4541;2229,9715;1114,9858;93338,43909;
130;2000;300000;220;True;aborted;maxTimeLimit;138,3751428;36505,27937;492821,2715;1921,7683;960,88415;70032,24551;
131;2000;300000;230;True;aborted;maxTimeLimit;137,6030271;26295,69371;354991,8651;1356,6378;678,31888;42965,17108;
132;2000;300000;240;True;aborted;maxTimeLimit;136,2377284;22742,61302;307025,2758;1138,0739;569,03694;33887,53977;
133;100;400000;190;True;ok;optimal;113,838552;-219,5033634;-2963,295406;0;0;-2963,295406;
134;100;400000;200;True;ok;optimal;122,1237614;-219,5033634;-2963,295406;0;0;-2963,295406;
135;100;400000;210;True;ok;optimal;69,0133092;-219,5033634;-2963,295406;0;0;-2963,295406;
136;100;400000;220;True;ok;optimal;77,932769;-219,5033634;-2963,295406;0;0;-2963,295406;
137;100;400000;230;True;ok;optimal;110,8955173;-219,5033634;-2963,295406;0;0;-2963,295406;
138;100;400000;240;True;ok;optimal;105,7023408;-219,5033634;-2963,295406;0;0;-2963,295406;
139;300;400000;190;True;aborted;maxTimeLimit;133,9967004;4814,047388;64989,63974;280,99637;140,49819;11600,32944;
140;300;400000;200;True;aborted;maxTimeLimit;140,5013695;2213,654816;29884,34001;138,59165;69,295826;2166,010013;
141;300;400000;210;True;aborted;maxTimeLimit;135,2367525;3750,700524;50634,45707;212,56891;106,28446;5994,985968;
142;300;400000;220;True;aborted;maxTimeLimit;126,5239137;3039,550828;41033,93618;170,71108;85,355541;3477,498578;
143;300;400000;230;True;aborted;maxTimeLimit;125,7200768;2546,372158;34376,02413;141,91;70,955;1736,724134;
144;300;400000;240;True;aborted;maxTimeLimit;126,3460076;1852,833946;25013,25827;102,26987;51,134937;468,4894687;
145;500;400000;190;True;aborted;maxTimeLimit;126,696366;8309,66304;112180,451;462,774;231,387;24253,39104;
146;500;400000;200;True;aborted;maxTimeLimit;129,252931;7120,108369;96121,46299;388,629;194,3145;18395,66299;
147;500;400000;210;True;aborted;maxTimeLimit;134,6514093;6369,2373;85984,70356;344,9944;172,4972;13535,87956;
148;500;400000;220;True;aborted;maxTimeLimit;132,1794035;5325,942038;71900,21752;289,292;144,646;8255,977517;
149;500;400000;230;True;aborted;maxTimeLimit;140,1999505;6230,332733;84109,4919;321,4075;160,70375;10185,7669;
150;500;400000;240;True;aborted;maxTimeLimit;129,3414154;5320,975869;71833,17423;272,3765;136,18825;6462,81423;
151;700;400000;190;True;aborted;maxTimeLimit;131,6314709;12861,00912;173623,6231;705,369;352,6845;39603,51314;
152;700;400000;200;True;aborted;maxTimeLimit;130,3473535;11303,77113;152600,9102;608,755;304,3775;30849,91024;
153;700;400000;210;True;aborted;maxTimeLimit;131,7941865;9925,185322;133990,0019;527,24506;263,62253;23268,53925;
154;700;400000;220;True;aborted;maxTimeLimit;131,9508936;8499,911412;114748,8041;442,90663;221,45331;17309,34546;
155;700;400000;230;True;aborted;maxTimeLimit;124,0268008;8632,469916;116538,3439;431,853;215,9265;17212,15386;
156;700;400000;240;True;aborted;maxTimeLimit;123,6339929;7420,789215;100180,6544;364,16306;182,08153;12781,52;
157;900;400000;190;True;ok;optimal;81,233868;20639,43689;278632,3981;1139,9447;569,97233;62042,90506;
158;900;400000;200;True;aborted;maxTimeLimit;124,194088;15856,0998;214057,3473;851,97176;425,98588;43662,99531;
159;900;400000;210;True;aborted;maxTimeLimit;124,1749511;14084,71374;190143,6354;746,32399;373,16199;33415,59753;
160;900;400000;220;True;aborted;maxTimeLimit;126,5945218;11398,06975;153873,9417;586,6705;293,33525;24806,43167;
161;900;400000;230;True;aborted;maxTimeLimit;129,5341504;34608218,59;467210951;0;0;467210951;
162;900;400000;240;True;aborted;maxTimeLimit;129,0996646;9304,873301;125615,7896;452,76463;226,38232;16952,27837;
163;1100;400000;190;True;ok;optimal;79,8636871;26317,16697;355281,7541;1456,8927;728,44634;78472,1411;
164;1100;400000;200;True;aborted;maxTimeLimit;130,1039782;20352,07882;274753,0641;1090,6085;545,30425;56631,36405;
165;1100;400000;210;True;aborted;maxTimeLimit;129,4216731;18230,98881;246118,349;963,4579;481,72895;43792,18996;
166;1100;400000;220;True;aborted;maxTimeLimit;131,7070361;15165,7244;204737,2793;782,37793;391,18896;32614,13474;
167;1100;400000;230;True;aborted;maxTimeLimit;130,9035778;30951313,86;417842737,2;0;0;417842737,2;
168;1100;400000;240;True;aborted;maxTimeLimit;128,5301976;10885,27127;146951,1621;524,622;262,311;21041,88213;
169;1300;400000;190;True;ok;optimal;101,7348284;31941,86927;431215,2351;1770,6283;885,31414;94795,85814;
170;1300;400000;200;True;aborted;maxTimeLimit;130,0374442;24719,33959;333711,0844;1321,521;660,76051;69406,88443;
171;1300;400000;210;True;aborted;maxTimeLimit;126,217654;22609,60079;305229,6107;1196,1602;598,0801;54035,96866;
172;1300;400000;220;True;aborted;maxTimeLimit;129,3125338;18757,60041;253227,6055;967,98;483,99;40272,00551;
173;1300;400000;230;True;aborted;maxTimeLimit;129,0750907;14525,53412;196094,7106;730,00755;365,00377;28192,97413;
174;1300;400000;240;True;aborted;maxTimeLimit;126,3718761;13578,65958;183311,9043;658,5015;329,25075;25271,54433;
175;1500;400000;190;True;ok;optimal;87,7633672;37642,43388;508172,8574;2090,8208;1045,4104;110916,9054;
176;1500;400000;200;True;aborted;maxTimeLimit;127,7750035;29132,50177;393288,7738;1555,4713;777,73567;82194,51384;
177;1500;400000;210;True;ok;optimal;99,0164755;29259,60174;395004,6235;1546,7211;773,36056;70193,19246;
178;1500;400000;220;True;aborted;maxTimeLimit;129,2456166;22132,83094;298793,2177;1142,422;571,211;47460,37773;
179;1500;400000;230;True;aborted;maxTimeLimit;139,2133201;17286,55093;233368,4375;868,07948;434,03974;33710,1571;
180;1500;400000;240;True;aborted;maxTimeLimit;136,7617272;34427471,62;464770866,8;0;0;464770866,8;
181;1700;400000;190;True;aborted;maxTimeLimit;135,6979318;38597,30141;521063,569;2105,679;1052,8395;120984,559;
182;1700;400000;200;True;aborted;maxTimeLimit;137,5498294;33509,48223;452378,01;1789,4217;894,71083;94493,67004;
183;1700;400000;210;True;aborted;maxTimeLimit;134,4066379;30598,78502;413083,5977;1618,0312;809,01561;73297,04571;
184;1700;400000;220;True;aborted;maxTimeLimit;141,7835427;25861,59945;349131,5926;1341,1761;670,58804;54072,85063;
185;1700;400000;230;True;aborted;maxTimeLimit;135,6817851;20129,53544;271748,7284;1014,8049;507,40243;38343,60144;
186;1700;400000;240;True;aborted;maxTimeLimit;135,5952292;19523,77104;263570,9091;963,7894;481,8947;32261,45306;
187;1900;400000;190;True;aborted;maxTimeLimit;134,5567134;48930,45034;660561,0796;2724,6848;1362,3424;142870,9676;
188;1900;400000;200;True;aborted;maxTimeLimit;136,0878632;38516,75181;519976,1495;2065,488;1032,744;106878,5495;
189;1900;400000;210;True;aborted;maxTimeLimit;135,9408217;38597,23896;521062,726;2054,2233;1027,1117;89675,83299;
190;1900;400000;220;True;aborted;maxTimeLimit;135,299339;29437,61911;397407,858;1530,1366;765,06829;60777,80601;
191;1900;400000;230;True;aborted;maxTimeLimit;136,5022177;24189,42624;326557,2542;1227,9076;613,95378;44138,50624;
192;1900;400000;240;True;aborted;maxTimeLimit;141,4042508;32223196,42;435013151,6;0;0;435013151,6;
193;2000;400000;190;True;aborted;maxTimeLimit;134,6806508;51692,27258;697845,6798;2879,2011;1439,6006;150797,4708;
194;2000;400000;200;True;aborted;maxTimeLimit;143,60046;40361,25474;544876,939;2160,3897;1080,1948;112798,999;
195;2000;400000;210;True;aborted;maxTimeLimit;143,9533121;36836,19293;497288,6046;1950,7378;975,36889;87633,66657;
196;2000;400000;220;True;aborted;maxTimeLimit;135,1686391;34881,05847;470894,2893;1814,5656;907,28278;71689,85732;
197;2000;400000;230;True;aborted;maxTimeLimit;137,12284;24833,00618;335245,5834;1261,582;630,79097;45081,72341;
198;2000;400000;240;True;aborted;maxTimeLimit;138,8553036;32262609,93;435545234;0;0;435545234;
199;100;500000;190;True;ok;optimal;117,4652062;-219,4956407;-2963,191149;0;0;-2963,191149;
200;100;500000;200;True;ok;optimal;115,7662573;-219,4956407;-2963,191149;0;0;-2963,191149;
201;100;500000;210;True;ok;optimal;500,006585;-219,4956407;-2963,191149;0;0;-2963,191149;
202;100;500000;220;True;ok;optimal;2093,062288;-219,4956407;-2963,191149;0;0;-2963,191149;
203;100;500000;230;True;ok;optimal;35,2257377;-219,4956407;-2963,191149;0;0;-2963,191149;
204;100;500000;240;True;ok;optimal;34,1820886;-219,4956407;-2963,191149;0;0;-2963,191149;
205;300;500000;190;True;aborted;maxTimeLimit;128,9405089;3735,80726;50433,39801;222,91916;111,45958;8078,757606;
206;300;500000;200;True;aborted;maxTimeLimit;127,394343;3087,133909;41676,30777;180,07986;90,039931;5660,335767;
207;300;500000;210;True;aborted;maxTimeLimit;126,618266;2610,724667;35244,78301;150,634;75,317;3611,643006;
208;300;500000;220;True;aborted;maxTimeLimit;126,9461527;2151,937782;29051,16005;122,58275;61,291376;2082,955054;
209;300;500000;230;True;aborted;maxTimeLimit;126,8569931;1790,606336;24173,18553;101,5085;50,75425;826,2305334;
210;300;500000;240;True;aborted;maxTimeLimit;126,0890591;-62,985336;-850,3020359;0;0;-850,3020359;
211;500;500000;190;True;aborted;maxTimeLimit;129,987066;29397131,54;396861275,8;0;0;396861275,8;
212;500;500000;200;True;aborted;maxTimeLimit;127,0921963;6387,798837;86235,2843;357,35556;178,67778;14764,1723;
213;500;500000;210;True;aborted;maxTimeLimit;133,1701381;5629,414468;75997,09532;312,14791;156,07396;10446,03422;
214;500;500000;220;True;aborted;maxTimeLimit;127,1901103;4676,352128;63130,75372;260,465;130,2325;5828,453724;
215;500;500000;230;True;aborted;maxTimeLimit;126,2993601;5843,652516;78889,30897;306,17277;153,08638;8469,571869;
216;500;500000;240;True;aborted;maxTimeLimit;129,8846905;64,80100503;874,8135679;0;0;874,8135679;
217;700;500000;190;True;aborted;maxTimeLimit;127,2677916;12129,67715;163750,6415;667,61487;333,80744;36903,81623;
218;700;500000;200;True;aborted;maxTimeLimit;126,1759946;10644,26041;143697,5156;574,27691;287,13846;28842,13359;
219;700;500000;210;True;aborted;maxTimeLimit;131,5157217;9097,869476;122821,2379;483,8895;241,94475;21204,44292;
220;700;500000;220;True;aborted;maxTimeLimit;126,9236515;7857,276748;106073,2361;413,83912;206,91956;15028,6297;
221;700;500000;230;True;aborted;maxTimeLimit;127,8761126;8560,624977;115568,4372;432,35189;216,17594;16127,5025;
222;700;500000;240;True;aborted;maxTimeLimit;127,8237175;7265,265822;98081,0886;365,28459;182,6423;10412,787;
223;900;500000;190;True;aborted;maxTimeLimit;125,0076558;16769,68014;226390,6818;912,688;456,344;52979,96185;
224;900;500000;200;True;ok;optimal;123,3688432;17160,13838;231661,8682;914,72401;457,362;48717,06618;
225;900;500000;210;True;aborted;maxTimeLimit;124,9639042;14762,86659;199298,699;763,74417;381,87208;38912,42327;
226;900;500000;220;True;aborted;maxTimeLimit;124,0341354;11271,04631;152159,1251;582,7285;291,36425;23958,85512;
227;900;500000;230;True;aborted;maxTimeLimit;125,0395657;34672165,84;468074238,9;0;0;468074238,9;
228;900;500000;240;True;aborted;maxTimeLimit;124,0225554;9673,083755;130586,6307;470,78;235,39;17599,43069;
229;1100;500000;190;True;ok;optimal;117,6647736;25110,67664;338994,1346;1381,9095;690,95475;76431,32963;
230;1100;500000;200;True;ok;optimal;124,114031;22003,40969;297046,0309;1175,6858;587,8429;61908,87086;
231;1100;500000;210;True;ok;optimal;123,9656914;19581,6628;264352,4478;1024,1314;512,06569;49284,85376;
232;1100;500000;220;True;aborted;maxTimeLimit;123,6125204;16477,16513;222441,7292;836,00903;418,00451;38519,7426;
233;1100;500000;230;True;aborted;maxTimeLimit;125,5782101;34616903,65;467328199,3;0;0;467328199,3;
234;1100;500000;240;True;aborted;maxTimeLimit;124,0480535;6850,52266;92482,05591;342,8664;171,4332;10194,11991;
235;1300;500000;190;True;ok;optimal;53,7407921;30843,62726;416388,968;1702,2603;851,13017;92959,51096;
236;1300;500000;200;True;ok;optimal;122,4733978;26892,31421;363046,2418;1440,192;720,096;75007,84185;
237;1300;500000;210;True;ok;optimal;124,3423098;24228,32331;327082,3647;1272,8;636,4;59794,36465;
238;1300;500000;220;True;aborted;maxTimeLimit;126,6135794;17861,13679;241125,3467;918,49016;459,24508;39057,51153;
239;1300;500000;230;True;aborted;maxTimeLimit;124,3986466;16948,09665;228799,3047;841,8211;420,91055;35180,45172;
240;1300;500000;240;True;aborted;maxTimeLimit;124,3121526;13261,50123;179030,2666;637,37555;318,68777;26060,13461;
241;1500;500000;190;True;ok;optimal;58,9062186;36516,25104;492969,389;2019,2404;1009,6202;109313,713;
242;1500;500000;200;True;ok;optimal;123,6336564;31537,29923;425753,5396;1687,7;843,85;88213,53962;
243;1500;500000;210;True;aborted;maxTimeLimit;124,1350631;26782,35532;361561,7969;1398,0016;699,0008;67981,46088;
244;1500;500000;220;True;aborted;maxTimeLimit;123,8136876;21322,73437;287856,914;1096,9645;548,48226;46524,72401;
245;1500;500000;230;True;aborted;maxTimeLimit;125,350151;20797,7503;280769,629;1042,1825;521,09125;41067,65403;
246;1500;500000;240;True;aborted;maxTimeLimit;124,0128829;15621,02674;210883,861;753,0275;376,51375;30157,26102;
247;1700;500000;190;True;ok;optimal;57,0427006;42058,56678;567790,6515;2327,4216;1163,7108;125580,5475;
248;1700;500000;200;True;ok;optimal;122,7901732;36269,16482;489633,725;1944,9452;972,47261;100644,685;
249;1700;500000;210;True;ok;optimal;63,8163438;32995,07578;445433,523;1739,818;869,90901;80071,74301;
250;1700;500000;220;True;ok;optimal;64,4366775;28391,36066;383283,3689;1461,7493;730,87466;61698,52292;
251;1700;500000;230;True;aborted;maxTimeLimit;125,1078394;19211,9257;259360,9969;962,41;481,205;38006,69695;
252;1700;500000;240;True;aborted;maxTimeLimit;125,4685898;34455759,01;465152746,7;0;0;465152746,7;
253;1900;500000;190;True;ok;optimal;57,9763494;47836,02623;645786,3542;2653,145;1326,5725;141688,8042;
254;1900;500000;200;True;ok;optimal;124,2294854;41084,09476;554635,2793;2204,1575;1102,0787;113803,7793;
255;1900;500000;210;True;aborted;maxTimeLimit;124,4258942;33602,94812;453639,7997;1770,3385;885,16927;81868,71465;
256;1900;500000;220;True;aborted;maxTimeLimit;125,2090202;28147,58129;379992,3475;1449,234;724,617;61160,86747;
257;1900;500000;230;True;aborted;maxTimeLimit;123,7423063;26715,81525;360663,5059;1344,9414;672,47069;51326,98391;
258;1900;500000;240;True;aborted;maxTimeLimit;125,128741;13560,35082;183064,7361;660,72816;330,36408;24489,97767;
259;2000;500000;190;True;ok;optimal;57,5065604;50659,79816;683907,2752;2811,5784;1405,7892;149707,3792;
260;2000;500000;200;True;ok;optimal;57,9901512;43751,75251;590648,6588;2351,9305;1175,9652;120262,5588;
261;2000;500000;210;True;ok;optimal;65,0491723;39560,36015;534064,862;2091,1447;1045,5724;94924,47503;
262;2000;500000;220;True;aborted;maxTimeLimit;124,6416344;29868,61911;403226,358;1540,269;770,13448;64367,178;
263;2000;500000;230;True;aborted;maxTimeLimit;123,9595615;23352,79371;315262,715;1170,6663;585,33314;46009,46603;
264;2000;500000;240;True;aborted;maxTimeLimit;124,7264929;32618234,91;440346171,3;0;0;440346171,3;
265;100;600000;190;True;ok;optimal;26,6111528;-219,4956407;-2963,191149;0;0;-2963,191149;
266;100;600000;200;True;ok;optimal;26,9041797;-219,4956407;-2963,191149;0;0;-2963,191149;
267;100;600000;210;True;ok;optimal;26,811836;-219,4956407;-2963,191149;0;0;-2963,191149;
268;100;600000;220;True;ok;optimal;25,0032421;-219,4956407;-2963,191149;0;0;-2963,191149;
269;100;600000;230;True;ok;optimal;26,096361;-219,4956407;-2963,191149;0;0;-2963,191149;
270;100;600000;240;True;ok;optimal;29,1279814;-219,4956407;-2963,191149;0;0;-2963,191149;
271;300;600000;190;True;aborted;maxTimeLimit;124,3429769;2534,22432;34212,02831;155,1075;77,55375;4741,603314;
272;300;600000;200;True;aborted;maxTimeLimit;123,8210123;2158,674231;29142,10212;129,6606;64,8303;3209,982122;
273;300;600000;210;True;aborted;maxTimeLimit;124,0409846;1741,912833;23515,82325;103,09519;51,547594;1865,833348;
274;300;600000;220;True;aborted;maxTimeLimit;124,119443;1365,87947;18439,37285;79,983785;39,991892;842,940149;
275;300;600000;230;True;aborted;maxTimeLimit;123,8626996;1021,365919;13788,4399;59,8956;29,9478;12,45190036;
276;300;600000;240;True;aborted;maxTimeLimit;124,2363019;542,5780851;7324,804148;32,802216;16,401108;-547,7276917;
277;500;600000;190;True;aborted;maxTimeLimit;124,570777;8755,560737;118200,0699;495,17125;247,58563;24117,53244;
278;500;600000;200;True;ok;optimal;63,9043895;8046,548559;108628,4055;448,53024;224,26512;18922,35754;
279;500;600000;210;True;aborted;maxTimeLimit;124,0916533;6893,949032;93068,31193;376,1705;188,08525;14072,50693;
280;500;600000;220;True;aborted;maxTimeLimit;124,8749812;5943,736488;80240,44259;318,45357;159,22679;10180,65719;
281;500;600000;230;True;aborted;maxTimeLimit;124,088918;5004,963262;67567,00403;264,57947;132,28973;6713,725934;
282;500;600000;240;True;aborted;maxTimeLimit;124,319345;3696,785657;49906,60637;191,79659;95,898296;3875,424767;
283;700;600000;190;True;ok;optimal;124,7112784;13828,12201;186679,6472;763,43168;381,71584;41627,628;
284;700;600000;200;True;ok;optimal;124,1204;12205,14758;164769,4923;655,77372;327,88686;33614,74832;
285;700;600000;210;True;aborted;maxTimeLimit;125,5640112;10057,41025;135775,0384;521,72181;260,8609;26213,45827;
286;700;600000;220;True;aborted;maxTimeLimit;124,8656396;7408,293415;100011,9611;398,32586;199,16293;12380,2719;
287;700;600000;230;True;aborted;maxTimeLimit;124,0101453;8524,14001;115075,8901;437,81157;218,90578;14379,22904;
288;700;600000;240;True;aborted;maxTimeLimit;124,520243;7704,042124;104004,5687;389,59595;194,79797;10501,54068;
289;900;600000;190;True;ok;optimal;124,5292569;18520,99944;250033,4925;1010,3489;505,17446;58067,20148;
290;900;600000;200;True;ok;optimal;124,3166457;16903,06259;228191,3449;904,70827;452,35414;47249,69092;
291;900;600000;210;True;aborted;maxTimeLimit;124,4093197;12066,23727;162894,2032;638,69292;319,34646;28768,68997;
292;900;600000;220;True;aborted;maxTimeLimit;124,4728172;12987,42797;175330,2776;661,77285;330,88642;29740,25064;
293;900;600000;230;True;aborted;maxTimeLimit;123,7176519;10492,48137;141648,4985;526,335;263,1675;20591,44852;
294;900;600000;240;True;aborted;maxTimeLimit;125,7131322;3270,722022;44154,74729;161,565;80,7825;5379,147294;
295;1100;600000;190;True;ok;optimal;123,9780588;24010,77087;324145,4068;1313,732;656,86598;74536,32679;
296;1100;600000;200;True;aborted;maxTimeLimit;123,577987;18118,12194;244594,6462;962,45417;481,22708;52103,81218;
297;1100;600000;210;True;aborted;maxTimeLimit;126,4833175;16177,41019;218395,0376;848,7455;424,37275;40158,4826;
298;1100;600000;220;True;aborted;maxTimeLimit;125,5716876;14011,5068;189155,3419;721,628;360,814;30397,18186;
299;1100;600000;230;True;aborted;maxTimeLimit;124,1586607;13241,44267;178759,4761;655,0045;327,50225;28108,44111;
300;1100;600000;240;True;aborted;maxTimeLimit;124,2564907;11948,10184;161299,3748;578,78197;289,39098;22391,70199;
301;1300;600000;190;True;ok;optimal;124,5904571;29671,31727;400562,7831;1629,494;814,747;90958,92314;
302;1300;600000;200;True;ok;optimal;124,3977746;25969,57785;350589,301;1383,7581;691,87905;73837,68101;
303;1300;600000;210;True;aborted;maxTimeLimit;127,3878803;20203,12165;272742,1422;1062,3416;531,17081;49650,40625;
304;1300;600000;220;True;aborted;maxTimeLimit;127,6322305;16450,75582;222085,2035;839,44301;419,72151;37407,74131;
305;1300;600000;230;True;aborted;maxTimeLimit;124,1763628;16683,00975;225220,6316;824,66263;412,33131;35548,22668;
306;1300;600000;240;True;aborted;maxTimeLimit;125,3698141;12982,26406;175260,5648;622,29655;311,14828;25909,39283;
307;1500;600000;190;True;ok;optimal;69,3654359;35369,09996;477482,8495;1947,628;973,81401;107433,5295;
308;1500;600000;200;True;ok;optimal;73,4562056;30875,21849;416815,4496;1649,2082;824,60411;86973,80962;
309;1500;600000;210;True;aborted;maxTimeLimit;126,3040267;24204,57572;326761,7723;1270,6095;635,30475;59933,77727;
310;1500;600000;220;True;aborted;maxTimeLimit;124,143071;20364,57622;274921,779;1043,8075;521,90376;45284,12896;
311;1500;600000;230;True;aborted;maxTimeLimit;124,0625372;18996,00078;256446,0106;939,11454;469,55727;40449,66635;
312;1500;600000;240;True;aborted;maxTimeLimit;125,2584578;31997465,52;431965784,5;0;0;431965784,5;
313;1700;600000;190;True;ok;optimal;60,5300249;41044,01922;554094,2595;2264,576;1132,288;123824,8195;
314;1700;600000;200;True;ok;optimal;124,3247383;35586,46361;480417,2587;1901,486;950,743;100120,0587;
315;1700;600000;210;True;ok;optimal;124,290563;32016,51328;432222,9293;1678,1925;839,09625;79802,50433;
316;1700;600000;220;True;aborted;maxTimeLimit;127,3355891;23842,94173;321879,7133;1223,87;611,935;52628,31332;
317;1700;600000;230;True;aborted;maxTimeLimit;124,6738797;22965,02706;310027,8653;1144,4635;572,23175;46801,26026;
318;1700;600000;240;True;aborted;maxTimeLimit;124,8989178;17160,00158;231660,0213;821,0352;410,5176;34611,57332;
319;1900;600000;190;True;ok;optimal;56,2190033;46688,37657;630293,0837;2579,8516;1289,9258;140121,2797;
320;1900;600000;200;True;ok;optimal;121,4816694;40269,39832;543636,8773;2152,5838;1076,2919;113120,1173;
321;1900;600000;210;True;aborted;maxTimeLimit;124,4743118;32679,67481;441175,6099;1718,1521;859,07607;80363,66893;
322;1900;600000;220;True;aborted;maxTimeLimit;123,943806;27400,08193;369901,1061;1406,3995;703,19973;60493,21609;
323;1900;600000;230;True;aborted;maxTimeLimit;127,1459888;21426,85783;289262,5807;1070,6966;535,34831;43002,36274;
324;1900;600000;240;True;aborted;maxTimeLimit;126,600764;34481736,09;465503437,2;0;0;465503437,2;
325;2000;600000;190;True;ok;optimal;64,9446113;49394,77182;666829,4195;2729,2675;1364,6337;148268,5945;
326;2000;600000;200;True;ok;optimal;70,8772945;42686,63503;576269,5729;2283,3796;1141,6898;119593,6529;
327;2000;600000;210;True;ok;optimal;83,8124322;38688,52254;522295,0542;2035,071;1017,5355;94930,14423;
328;2000;600000;220;True;ok;optimal;72,6138014;33356,05773;450306,7793;1713,3678;856,68388;73365,86332;
329;2000;600000;230;True;aborted;maxTimeLimit;125,5956741;22583,12991;304872,2538;1128,2;564,1;45386,25385;
330;2000;600000;240;True;aborted;maxTimeLimit;125,0523562;21280,8504;287291,4803;1026,518;513,259;40927,16034;
331;100;700000;190;True;ok;optimal;37,1570067;-219,4956407;-2963,191149;0;0;-2963,191149;
332;100;700000;200;True;ok;optimal;27,4365577;-219,4956407;-2963,191149;0;0;-2963,191149;
333;100;700000;210;True;ok;optimal;31,4553771;-219,4956407;-2963,191149;0;0;-2963,191149;
334;100;700000;220;True;ok;optimal;32,1122867;-219,4956407;-2963,191149;0;0;-2963,191149;
335;100;700000;230;True;ok;optimal;37,6578823;-219,4956407;-2963,191149;0;0;-2963,191149;
336;100;700000;240;True;ok;optimal;29,4685556;-219,4956407;-2963,191149;0;0;-2963,191149;
337;300;700000;190;True;aborted;maxTimeLimit;124,8157592;1479,209974;19969,33465;94,142862;47,071431;2082,190866;
338;300;700000;200;True;aborted;maxTimeLimit;124,0974136;1163,037694;15701,00887;72,9624;36,4812;1108,528872;
339;300;700000;210;True;aborted;maxTimeLimit;123,6484105;867,5219731;11711,54664;54,07305;27,036525;356,2061363;
340;300;700000;220;True;aborted;maxTimeLimit;124,8100292;657,5479348;8876,89712;40,895;20,4475;-120,0028796;
341;300;700000;230;True;aborted;maxTimeLimit;124,4779515;374,9717611;5062,118775;24,2305;12,11525;-510,8962255;
342;300;700000;240;True;aborted;maxTimeLimit;124,321754;29276691,86;395235340,2;0;0;395235340,2;
343;500;700000;190;True;ok;optimal;69,3655824;7959,836942;107457,7987;455,52714;227,76357;20907,64212;
344;500;700000;200;True;aborted;maxTimeLimit;125,2964339;6961,780428;93984,03578;389,60253;194,80126;16063,52978;
345;500;700000;210;True;aborted;maxTimeLimit;125,1076797;34439744,64;464936552,6;0;0;464936552,6;
346;500;700000;220;True;aborted;maxTimeLimit;125,0814527;5012,891468;67674,03481;271,65008;135,82504;7911,017214;
347;500;700000;230;True;aborted;maxTimeLimit;124,1197495;4147,710251;55994,08839;220,92322;110,46161;5181,747793;
348;500;700000;240;True;aborted;maxTimeLimit;124,1564315;3022,351616;40801,74682;156,4595;78,22975;3251,466816;
349;700;700000;190;True;ok;optimal;123,1033141;13164,0179;177714,2417;728,62221;364,31111;39276,02181;
350;700;700000;200;True;aborted;maxTimeLimit;125,6596144;11505,20835;155320,3127;618,93046;309,46523;31534,2207;
351;700;700000;210;True;aborted;maxTimeLimit;124,0129442;10696,71129;144405,6024;569,23595;284,61797;24866,0529;
352;700;700000;220;True;aborted;maxTimeLimit;124,7533887;6669,81451;90042,49588;364,651;182,3255;9819,275885;
353;700;700000;230;True;aborted;maxTimeLimit;124,6708568;8304,631836;112112,5298;428,64188;214,32094;13524,89739;
354;700;700000;240;True;aborted;maxTimeLimit;124,7957747;210,7213807;2844,73864;0;0;2844,73864;
355;900;700000;190;True;ok;optimal;116,1043832;17945,424;242263,224;979,23625;489,61813;56208,33646;
356;900;700000;200;True;ok;optimal;123,876091;16184,60451;218492,1608;864,01526;432,00763;45689,10885;
357;900;700000;210;True;aborted;maxTimeLimit;124,0600787;14371,12188;194010,1454;750,55337;375,27668;36393,93773;
358;900;700000;220;True;aborted;maxTimeLimit;124,047897;12508,2993;168862,0405;637,1883;318,59415;28680,6145;
359;900;700000;230;True;aborted;maxTimeLimit;123,9314446;11360,30294;153364,0897;573,52949;286,76474;21452,30701;
360;900;700000;240;True;aborted;maxTimeLimit;124,3892797;34718476;468699426;0;0;468699426;
361;1100;700000;190;True;ok;optimal;110,9032778;22934,06605;309609,8917;1247,209;623,6045;72640,18168;
362;1100;700000;200;True;ok;optimal;120,3021725;20631,04743;278519,1403;1096,618;548,309;59195,54028;
363;1100;700000;210;True;ok;optimal;123,7482577;17956,39105;242411,2791;928,45369;464,22685;47436,00422;
364;1100;700000;220;True;aborted;maxTimeLimit;123,9438849;12890,90681;174027,2419;666,653;333,3265;27363,58194;
365;1100;700000;230;True;aborted;maxTimeLimit;124,6478284;34639515,21;467633455,3;0;0;467633455,3;
366;1100;700000;240;True;aborted;maxTimeLimit;123,5854151;11973,33702;161640,0497;582,31449;291,15725;21884,57215;
367;1300;700000;190;True;ok;optimal;54,7190687;28533,06493;385196,3766;1558,2677;779,13383;89125,51356;
368;1300;700000;200;True;ok;optimal;122,9763439;25106,83421;338942,2619;1332,2861;666,14305;72485,04186;
369;1300;700000;210;True;ok;optimal;123,9945106;21590,41467;291470,598;1110,372;555,18602;58292,47801;
370;1300;700000;220;True;aborted;maxTimeLimit;124,3585499;16670,39275;225050,3022;855,8505;427,92525;36763,19216;
371;1300;700000;230;True;aborted;maxTimeLimit;125,6072968;34695758,02;468392733,3;0;0;468392733,3;
372;1300;700000;240;True;aborted;maxTimeLimit;123,7186349;14036,59411;189494,0205;675,23379;337,6169;27437,91093;
373;1500;700000;190;True;ok;optimal;60,9937277;34159,50674;461153,341;1872,0895;936,04476;105456,336;
374;1500;700000;200;True;ok;optimal;119,6990094;29687,22683;400777,5622;1576,7067;788,35334;85436,2222;
375;1500;700000;210;True;ok;optimal;121,5669367;26697,65496;360418,3419;1387,8448;693,92241;68970,9339;
376;1500;700000;220;True;aborted;maxTimeLimit;125,5389052;22444,78447;303004,5904;1131,2935;565,64675;54120,0204;
377;1500;700000;230;True;aborted;maxTimeLimit;123,9319453;19137,53414;258356,7109;943,6885;471,84425;41308,35594;
378;1500;700000;240;True;aborted;maxTimeLimit;123,8850234;14911,37412;201303,5506;712,06775;356,03387;30407,29059;
379;1700;700000;190;True;ok;optimal;59,0888532;39893,85511;538567,0439;2192,9957;1096,4978;121897,8609;
380;1700;700000;200;True;ok;optimal;115,0695569;34845,09164;470408,7371;1857,8029;928,90145;98848,15713;
381;1700;700000;210;True;ok;optimal;122,0952943;31137,7401;420359,4914;1624,4254;812,2127;79230,15736;
382;1700;700000;220;True;aborted;maxTimeLimit;124,6486221;22887,48692;308981,0735;1169,1249;584,56243;51773,59546;
383;1700;700000;230;True;aborted;maxTimeLimit;125,412055;30727487,37;414821079,5;0;0;414821079,5;
384;1700;700000;240;True;aborted;maxTimeLimit;124,8641577;32031584,48;432426390,5;0;0;432426390,5;
385;1900;700000;190;True;ok;optimal;57,7625447;45567,00673;615154,5909;2509,9437;1254,9719;138265,2879;
386;1900;700000;200;True;ok;optimal;85,1390643;39748,56451;536605,6209;2122,6064;1061,3032;112084,3409;
387;1900;700000;210;True;ok;optimal;123,9866127;35712,36707;482116,9554;1869,5516;934,7758;89511,1194;
388;1900;700000;220;True;aborted;maxTimeLimit;123,6103882;26332,65664;355490,8647;1345,8781;672,93906;59397,68269;
389;1900;700000;230;True;aborted;maxTimeLimit;124,8891524;25509,24431;344374,7982;1267,227;633,6135;52912,5882;
390;1900;700000;240;True;aborted;maxTimeLimit;125,3180259;11689,59611;157809,5475;567,194;283,597;21682,98747;
391;2000;700000;190;True;ok;optimal;54,2762827;48405,85363;653479,0241;2668,4177;1334,2089;146479,6611;
392;2000;700000;200;True;ok;optimal;119,5714378;41948,60441;566306,1595;2239,026;1119,513;118500,9595;
393;2000;700000;210;True;ok;optimal;60,3371129;37850,86388;510986,6624;1982,636;991,318;94633,10238;
394;2000;700000;220;True;aborted;maxTimeLimit;124,9937423;28143,58195;379938,3563;1441,7995;720,89975;62742,46629;
395;2000;700000;230;True;aborted;maxTimeLimit;125,1498355;27520,67546;371529,1188;1370,9476;685,47381;56211,17076;
396;2000;700000;240;True;aborted;maxTimeLimit;127,0595998;32136520,86;433843031,7;0;0;433843031,7;
397;100;800000;190;True;ok;optimal;22,7826747;-219,4956407;-2963,191149;0;0;-2963,191149;
398;100;800000;200;True;ok;optimal;25,2597354;-219,4956407;-2963,191149;0;0;-2963,191149;
399;100;800000;210;True;ok;optimal;30,5052666;-219,4956407;-2963,191149;0;0;-2963,191149;
400;100;800000;220;True;ok;optimal;33,4577752;-219,4956407;-2963,191149;0;0;-2963,191149;
401;100;800000;230;True;ok;optimal;27,6506159;-219,4956407;-2963,191149;0;0;-2963,191149;
402;100;800000;240;True;ok;optimal;28,4971374;-219,4956407;-2963,191149;0;0;-2963,191149;
403;300;800000;190;True;aborted;maxTimeLimit;124,7250652;722,2472812;9750,338296;50,163;25,0815;219,3682956;
404;300;800000;200;True;aborted;maxTimeLimit;124,0086532;439,6971937;5935,912116;31,04;15,52;-272,0878845;
405;300;800000;210;True;aborted;maxTimeLimit;123,9429225;334,0271681;4509,366769;24,16;12,08;-564,2332311;
406;300;800000;220;True;aborted;maxTimeLimit;123,6258282;98,76843043;1333,373811;9,521;4,7605;-761,2461892;
407;300;800000;230;True;ok;optimal;27,3156514;-59,59251289;-804,498924;0;0;-804,498924;
408;300;800000;240;True;ok;optimal;22,3797603;-59,59251289;-804,498924;0;0;-804,498924;
409;500;800000;190;True;aborted;maxTimeLimit;123,666382;6767,535532;91361,72968;392,322;196,161;16820,54968;
410;500;800000;200;True;aborted;maxTimeLimit;123,9336579;5681,376249;76698,57936;319,8555;159,92775;12727,47936;
411;500;800000;210;True;aborted;maxTimeLimit;123,8889262;4805,462865;64873,74867;264,669;132,3345;9293,258672;
412;500;800000;220;True;aborted;maxTimeLimit;124,2799047;4182,660319;56465,9143;226,40118;113,20059;6657,654703;
413;500;800000;230;True;aborted;maxTimeLimit;123,7400149;3457,185616;46672,00581;183,8075;91,90375;4396,280812;
414;500;800000;240;True;aborted;maxTimeLimit;123,6528128;2286,289964;30864,91452;117,8205;58,91025;2587,994521;
415;700;800000;190;True;ok;optimal;60,9289062;12561,78927;169584,1551;699,49187;349,74593;36680,69979;
416;700;800000;200;True;aborted;maxTimeLimit;124,0135798;11545,51486;155864,4507;634,38958;317,19479;28986,53466;
417;700;800000;210;True;aborted;maxTimeLimit;123,5820556;10119,58472;136614,3937;544,10252;272,05126;22352,86446;
418;700;800000;220;True;aborted;maxTimeLimit;123,7205195;8808,0846;118909,1421;465,7299;232,86495;16448,5641;
419;700;800000;230;True;aborted;maxTimeLimit;123,9071874;7449,776343;100571,9806;387,04857;193,52429;11550,80953;
420;700;800000;240;True;aborted;maxTimeLimit;123,6907485;5552,279989;74955,77986;281,8612;140,9306;7309,091856;
421;900;800000;190;True;ok;optimal;117,6977049;17567,08223;237155,6101;963,87689;481,93844;54019,00095;
422;900;800000;200;True;ok;optimal;56,7153451;15448,30717;208552,1467;825,06035;412,53017;43540,07675;
423;900;800000;210;True;aborted;maxTimeLimit;123,771074;13721,91371;185245,8351;716,20666;358,10333;34842,43652;
424;900;800000;220;True;aborted;maxTimeLimit;123,614663;11742,47102;158523,3588;599,33962;299,66981;26668,64241;
425;900;800000;230;True;aborted;maxTimeLimit;124,0387457;11275,57339;152220,2408;575,41563;287,70781;19874,64587;
426;900;800000;240;True;aborted;maxTimeLimit;124,5831311;9684,515395;130740,9578;485,28612;242,64306;14272,28904;
427;1100;800000;190;True;ok;optimal;116,2552527;22396,93852;302358,67;1219,798;609,899;70597,05005;
428;1100;800000;200;True;ok;optimal;124,3293171;20296,67763;274005,1479;1082,6252;541,31261;57480,10794;
429;1100;800000;210;True;ok;optimal;57,328901;17606,99821;237694,4758;911,42097;455,71049;46296,0721;
430;1100;800000;220;True;ok;optimal;123,8876115;15801,7361;213323,4373;802,80999;401,405;36705,23955;
431;1100;800000;230;True;aborted;maxTimeLimit;123,6570467;13370,95611;180507,9075;670,64231;335,32115;26260,17616;
432;1100;800000;240;True;aborted;maxTimeLimit;123,5126757;11879,39217;160371,7943;586,7885;293,39425;19542,55425;
433;1300;800000;190;True;ok;optimal;53,5732058;27423,29212;370214,4437;1490,4801;745,24005;87023,22469;
434;1300;800000;200;True;ok;optimal;123,9528563;24550,6773;331434,1435;1302,0104;651,00522;71032,0635;
435;1300;800000;210;True;ok;optimal;121,2631638;21276,53002;287233,1552;1095,697;547,84849;57136,78524;
436;1300;800000;220;True;aborted;maxTimeLimit;127,1332574;15582,19765;210359,6683;800,9125;400,45625;34158,91829;
437;1300;800000;230;True;aborted;maxTimeLimit;124,1270088;15125,21261;204190,3703;746,54601;373,27301;32484,78795;
438;1300;800000;240;True;aborted;maxTimeLimit;124,7505561;14221,47245;191989,878;688,39306;344,19653;26775,54361;
439;1500;800000;190;True;ok;optimal;48,6820573;33071,99827;446471,9767;1804,4994;902,24968;103617,0907;
440;1500;800000;200;True;ok;optimal;121,0822088;28929,91521;390553,8553;1531,789;765,8945;84196,05527;
441;1500;800000;210;True;ok;optimal;123,3871067;25600,51258;345606,9198;1320,4601;660,23005;68310,29879;
442;1500;800000;220;True;aborted;maxTimeLimit;123,5778377;22472,65136;303380,7934;1134,2008;567,10039;53856,61738;
443;1500;800000;230;True;aborted;maxTimeLimit;125,1208656;34701674,35;468472603,8;0;0;468472603,8;
444;1500;800000;240;True;aborted;maxTimeLimit;123,4964229;16100,48019;217356,4826;771,68562;385,84281;32151,93381;
445;1700;800000;190;True;ok;optimal;111,6131412;38697,94117;522422,2058;2118,7767;1059,3883;119854,6328;
446;1700;800000;200;True;ok;optimal;57,8326975;33918,6045;457901,1607;1801,6562;900,82812;97569,9207;
447;1700;800000;210;True;ok;optimal;117,2604705;30230,75659;408115,214;1569,7015;784,85077;78477,899;
448;1700;800000;220;True;aborted;maxTimeLimit;123,4792001;21576,33239;291280,4873;1099,0907;549,54537;49480,53329;
449;1700;800000;230;True;aborted;maxTimeLimit;124,5286415;21642,67403;292176,0994;1063,6845;531,84225;47528,66438;
450;1700;800000;240;True;aborted;maxTimeLimit;124,0454682;17752,32155;239656,3409;848,331;424,1655;36056,90091;
451;1900;800000;190;True;ok;optimal;76,7245102;44418,55326;599650,469;2438,3633;1219,1817;136361,442;
452;1900;800000;200;True;ok;optimal;117,5835746;38813,1179;523977,0916;2066,4597;1033,2299;110685,1516;
453;1900;800000;210;True;ok;optimal;124,0739683;34569,74583;466691,5687;1799,3971;899,69854;88818,17766;
454;1900;800000;220;True;aborted;maxTimeLimit;123,7088318;28184,35584;380488,8038;1414,0042;707,0021;69407,87981;
455;1900;800000;230;True;aborted;maxTimeLimit;123,7477293;30942598,43;417725078,8;0;0;417725078,8;
456;1900;800000;240;True;aborted;maxTimeLimit;124,2768571;20091,52924;271235,6448;959,19483;479,59742;41028,88559;
457;2000;800000;190;True;ok;optimal;57,0516568;47252,78261;637912,5653;2596,8374;1298,4187;144513,4593;
458;2000;800000;200;True;ok;optimal;123,4616753;40971,70667;553118,04;2180,9301;1090,4651;116932,02;
459;2000;800000;210;True;ok;optimal;124,0724036;37022,27494;499800,7117;1931,7858;965,89288;94125,69373;
460;2000;800000;220;True;aborted;maxTimeLimit;124,5824048;31699,17769;427938,8988;1610,6701;805,33504;73591,4768;
461;2000;800000;230;True;aborted;maxTimeLimit;123,7804602;26042,16871;351569,2776;1283,372;641,686;56393,71763;
462;2000;800000;240;True;aborted;maxTimeLimit;125,3287283;12546,71569;169380,6619;610,11742;305,05871;22952,48107;
